,0,1,2,3,4,5,6,7,8,9,10,11,12,13,14,15,16,17,18,19,20,21,22,23,24,25,26,27,28,29,30,31,32,33,34,35,36,37,38,39,40,41,42,43,44,45,46,47,48,49,50,51,52,53,54,55,56,57,58,59,60,61,62,63,64,65,66,67,68,69,70,71,72,73,74,75,76,77,78,79,80,81,82,83,84,85,86,87,88,89,90,91,92,93,94,95,96,97,98,99,100,101,102,103,104,105,106,107,108,109,110,111,112,113,114,115,116,117,118,119,120,121,122,123,124,125,126,127,128,129,130,131,132,133,134,135,136,137,138,139,140,141,142,143,144,145,146,147,148,149,150,151,152,153,154,155,156,157,158,159,160,161,162,163,164,165,166,167,168,169,170,171,172,173,174,175,176,177,178,179,180,181,182,183,184,185,186,187,188,189,190,191,192,193,194,195,196,197,198,199,200,201,202,203,204,205,206,207,208,209,210,211,212,213,214,215,216,217,218,219,220,221,222,223,224,225,226,227,228,229,230,231,232,233,234,235,236,237,238,239,240,241,242,243,244,245,246,247,248,249,250,251,252,253,254,255
0,0.29172787,0.24136645,0.2229115,0.26003018,0.22478124,0.23851529,0.22329357,0.23032677,0.29719058,0.25554916,0.2569363,0.21474233,0.24185699,0.25091377,0.19566347,0.21841154,0.26168746,0.2888194,0.29166245,0.50230455,0.7323467,0.9666864,1.249973,1.4219085,1.571286,1.6352131,1.7432901,1.8522952,1.8828346,1.8665222,1.9708247,1.9164792,1.9449656,1.9652148,1.9121295,1.8441194,1.892349,1.8236256,1.810477,1.7760059,1.6986862,1.693244,1.6834399,1.662504,1.638386,1.5604494,1.4605442,1.5225128,1.4691939,1.4108237,1.368889,1.3416425,1.3313707,1.2806355,1.264956,1.258855,1.2276012,1.136922,1.1808455,1.1337037,1.0736307,1.0854641,1.030165,1.0416696,1.0153165,1.0278666,0.9861666,0.9614315,0.9588722,0.91137385,0.9379452,0.90542203,0.93231267,0.872069,0.88948685,0.82619053,0.86042017,0.8430447,0.8186682,0.77480954,0.7686664,0.80255777,0.7694422,0.76522243,0.7619011,0.6947595,0.750787,0.7363631,0.6891084,0.70016885,0.7198591,0.6787927,0.688983,0.62037385,0.6769688,0.657188,0.652302,0.61157125,0.6569697,0.66214347,0.6538632,0.6035532,0.6183591,0.5769971,0.6496833,0.6114683,0.6379574,0.5886055,0.58327854,0.62160045,0.59820336,0.6116922,0.6072355,0.62286377,0.62068534,0.5921254,0.5919537,0.559127,0.55494374,0.62753344,0.56643033,0.59420866,0.5938119,0.5975245,0.5567275,0.5688244,0.5986494,0.5714785,0.5607393,0.58634925,0.601708,0.59488606,0.57491034,0.57936555,0.58572924,0.60942227,0.5694574,0.55254513,0.56700367,0.60761034,0.5520265,0.5570609,0.55456334,0.5982382,0.5686068,0.63632476,0.58671206,0.5127433,0.5791783,0.5478448,0.5759637,0.59761775,0.52495635,0.5979973,0.5733576,0.574005,0.56577116,0.55008686,0.5658406,0.57991046,0.50572103,0.53453344,0.58026606,0.51380056,0.5784275,0.5658459,0.5790822,0.5640356,0.5404693,0.56151086,0.55040777,0.55736685,0.55286527,0.5852635,0.55010504,0.570311,0.5541657,0.54160875,0.54024214,0.546214,0.5452196,0.56585443,0.5410058,0.54743063,0.6062067,0.525581,0.57909906,0.5812144,0.5273757,0.55507565,0.5130262,0.5848225,0.5440477,0.5729613,0.51106447,0.58754,0.58529305,0.5687141,0.5629396,0.52924067,0.5723884,0.56061137,0.5372902,0.5380899,0.51598865,0.56605494,0.5744809,0.5789625,0.5568131,0.61801785,0.5250549,0.53791803,0.5714811,0.54032207,0.62382907,0.54965377,0.5054217,0.56997705,0.5556843,0.54454064,0.5219943,0.54171824,0.6001979,0.6028452,0.5300297,0.5856565,0.54068273,0.5282696,0.5571497,0.5911553,0.5869112,0.5775898,0.5364871,0.5752661,0.57282823,0.520083,0.5696918,0.5437455,0.52949375,0.5770083,0.5723985,0.54646295,0.51428473,0.5724187,0.5561078,0.5638305,0.605129,0.5629374,0.5635666,0.5569903,0.57563865,0.503448,0.5780748,0.56098574,0.5467341,0.573498
1,0.28868994,0.24578625,0.21885991,0.268643,0.22876465,0.24032459,0.22630253,0.22867265,0.3009742,0.25794494,0.25472224,0.21819694,0.25277025,0.24973953,0.19586335,0.21714221,0.26082408,0.29398236,0.29079533,0.50075454,0.7339929,0.9727791,1.249023,1.4156889,1.5744328,1.6398335,1.739369,1.8573718,1.8700246,1.8716733,1.9698249,1.9128299,1.9455233,1.9685805,1.9264892,1.8312969,1.8916942,1.8294666,1.8081882,1.7774068,1.6959052,1.6866313,1.6764286,1.6658803,1.637899,1.558051,1.466453,1.5321773,1.4744967,1.4060079,1.3768331,1.3319991,1.3348912,1.2738276,1.2681916,1.2598506,1.2302023,1.1333979,1.1816136,1.1437027,1.0736105,1.0856658,1.0322423,1.0437397,1.0131682,1.0242298,0.9870064,0.95693403,0.9605725,0.9143163,0.93506587,0.91158473,0.9265015,0.8752759,0.89327824,0.8308669,0.8565611,0.8472368,0.81883335,0.7741365,0.7723869,0.8013072,0.7706999,0.77134514,0.7640483,0.6908738,0.74928254,0.73934335,0.68348,0.70313877,0.7223564,0.6774835,0.68521464,0.62322795,0.6857599,0.64919984,0.6556035,0.60810953,0.6596158,0.65566635,0.6480815,0.5945902,0.61316556,0.57184124,0.64906466,0.6114009,0.6381834,0.58683354,0.5795976,0.61783195,0.59579355,0.61870396,0.61029077,0.62443435,0.62173194,0.5820746,0.5966659,0.5602035,0.54886025,0.6253386,0.5586131,0.5965216,0.59235317,0.5954037,0.55033994,0.5592072,0.59927416,0.561542,0.55424935,0.5906749,0.6004155,0.59333694,0.5762374,0.57154566,0.5835433,0.6110673,0.56739706,0.5471317,0.57248586,0.60532653,0.54872537,0.55842805,0.55143565,0.5939933,0.56760454,0.6338176,0.5750803,0.51891255,0.5783252,0.5449394,0.5775566,0.5948904,0.5244844,0.5991019,0.57868284,0.5739584,0.5613078,0.54785204,0.56427455,0.5823841,0.4971605,0.5296514,0.5734495,0.51543456,0.5729815,0.56716615,0.5722483,0.55623007,0.5404429,0.56472933,0.552271,0.5544359,0.5601683,0.5841263,0.5526538,0.5632551,0.5573417,0.5398905,0.5348626,0.54759127,0.54668725,0.56541,0.5400477,0.5374241,0.60868865,0.5236567,0.5770034,0.58017635,0.52399755,0.5591803,0.5122287,0.58344406,0.5430387,0.5739236,0.51263636,0.588123,0.58964384,0.57309204,0.5611936,0.5296734,0.57043254,0.5635169,0.53915167,0.5407476,0.51944065,0.5701384,0.57110536,0.5774862,0.54847306,0.61776805,0.5262421,0.52595365,0.5655864,0.54474735,0.6242615,0.5502617,0.5000875,0.55978745,0.5535841,0.5414119,0.52434593,0.5482901,0.59138674,0.6005918,0.5225409,0.5838183,0.5303685,0.52357274,0.5537397,0.5808687,0.58386105,0.5769394,0.5311272,0.5679266,0.5715396,0.5154321,0.5679115,0.5358211,0.5278005,0.5823451,0.57117784,0.5443751,0.5173278,0.56374085,0.546233,0.5624124,0.60696363,0.56625015,0.56435305,0.55516136,0.57424426,0.49666953,0.56707394,0.5659578,0.54207677,0.5696276
2,0.27971938,0.23746663,0.21833488,0.26722813,0.23449495,0.24572256,0.2261878,0.22864479,0.30364984,0.24286622,0.24391316,0.21667112,0.2508973,0.25118992,0.20217021,0.21698414,0.25175446,0.30392325,0.29370052,0.4879601,0.7275058,0.95663124,1.2508161,1.4079556,1.5621647,1.640016,1.730246,1.8460382,1.8718431,1.8734808,1.9774449,1.9114146,1.9377855,1.968792,1.925345,1.8282565,1.8957255,1.8245649,1.8130879,1.7738396,1.6985184,1.6877102,1.6811281,1.6637106,1.640246,1.5466384,1.4572604,1.5162045,1.4726183,1.3949772,1.3795942,1.329644,1.3329315,1.2778509,1.2792139,1.2586839,1.236796,1.145651,1.1857175,1.1386491,1.0717815,1.0798173,1.0242962,1.0424515,1.0092232,1.021125,0.9883987,0.9593368,0.96924114,0.9195724,0.9323675,0.9175569,0.9251258,0.86380976,0.88509816,0.8336138,0.8561258,0.8544095,0.8128463,0.76967186,0.77837896,0.7898622,0.78284484,0.76732785,0.75942314,0.6867254,0.7466388,0.7385416,0.6851454,0.6913934,0.72400516,0.67984146,0.6947382,0.62789965,0.6786918,0.66445833,0.6598006,0.6141808,0.65436846,0.65374637,0.6385113,0.59526485,0.61185634,0.57844186,0.64607036,0.61142087,0.64439386,0.58734,0.57676363,0.6196805,0.58986425,0.6242272,0.6088017,0.62911505,0.6288332,0.5779457,0.59367293,0.55503786,0.5574964,0.624084,0.5651233,0.5913874,0.59162754,0.5805838,0.5564886,0.5659028,0.5947905,0.5595399,0.5648232,0.59786713,0.60209084,0.60003513,0.57023466,0.5744529,0.5804566,0.6061254,0.57213813,0.5574502,0.559056,0.6006111,0.5516121,0.5650155,0.5521483,0.59621245,0.5835922,0.6168729,0.5761371,0.51578724,0.5684592,0.5440112,0.5759477,0.59900504,0.5310594,0.59807944,0.5709838,0.56358945,0.55406153,0.5526716,0.5651983,0.5788587,0.505279,0.54070425,0.5701854,0.5062405,0.5709379,0.5548545,0.5771395,0.5617403,0.5413748,0.55408645,0.5616977,0.54476064,0.5616948,0.5780086,0.54170054,0.5621632,0.5574536,0.5396071,0.54679817,0.55155754,0.551792,0.5602632,0.5413485,0.5419385,0.60802144,0.5329816,0.56511796,0.5733613,0.517432,0.56395453,0.5137119,0.5719022,0.5449333,0.5713095,0.51661074,0.59550315,0.57783514,0.5667811,0.5475038,0.52978736,0.58315957,0.557049,0.53088784,0.54526156,0.52399015,0.57421154,0.56367564,0.5612838,0.5553975,0.6115878,0.5289435,0.52973413,0.5567194,0.545707,0.6072093,0.5506987,0.49260914,0.56113553,0.54481393,0.54927695,0.51973385,0.54511434,0.5848126,0.6084969,0.51741296,0.57381064,0.5373602,0.5355621,0.5580506,0.57829267,0.57676536,0.5707259,0.5316291,0.56909674,0.5697229,0.5109025,0.56206024,0.54552966,0.5332688,0.5808888,0.5679764,0.543736,0.52467287,0.5717654,0.5497516,0.54737717,0.61205804,0.56833345,0.54837114,0.56364775,0.5874202,0.5139534,0.5772803,0.56283075,0.54034716,0.57952374
3,0.27537838,0.24133387,0.21404156,0.27609405,0.239155,0.24763522,0.22979572,0.22676057,0.3073393,0.24581125,0.24121292,0.21985233,0.26115507,0.24925932,0.20207904,0.21567684,0.24968709,0.30836642,0.2931581,0.4866024,0.7285214,0.9622132,1.2490262,1.4001588,1.5647018,1.644158,1.7252327,1.8503902,1.8576998,1.8780451,1.9756461,1.9074385,1.9375367,1.9710432,1.9391193,1.8140601,1.893738,1.8301897,1.8097575,1.7741045,1.6957877,1.6807238,1.6730269,1.6653767,1.6382862,1.5433347,1.4626995,1.5251079,1.4779614,1.3899252,1.3859477,1.3199414,1.3367376,1.2710053,1.2828875,1.2598681,1.238343,1.1417235,1.1865892,1.1475104,1.071172,1.0801785,1.0266113,1.0442904,1.0060339,1.0172362,0.9884403,0.9535429,0.97131956,0.92249805,0.9296358,0.9233104,0.91833067,0.8669043,0.88892746,0.8378809,0.8515241,0.8574867,0.8124507,0.76875585,0.78266716,0.78725296,0.78395855,0.7737539,0.76206887,0.6813808,0.7440578,0.7411599,0.67834294,0.69352967,0.72689843,0.67847836,0.69052136,0.6295143,0.68681467,0.6567483,0.6641609,0.6099385,0.6567608,0.6464577,0.63137585,0.5864973,0.6053196,0.57401437,0.6450834,0.61144817,0.6448055,0.5850725,0.5728607,0.6157652,0.5876291,0.6317477,0.6121492,0.6303809,0.62860674,0.5674549,0.59880036,0.55590576,0.5514817,0.6224745,0.55668396,0.5940656,0.5901613,0.577507,0.54948,0.55570555,0.59601736,0.54860836,0.5576489,0.60112685,0.60020167,0.5976736,0.57197064,0.5657679,0.57744724,0.60686415,0.5702518,0.55108255,0.5644548,0.5987551,0.5486703,0.56618536,0.54940546,0.59074265,0.5815715,0.6134227,0.56294256,0.5215348,0.5681505,0.53996366,0.57772034,0.5954601,0.5312444,0.5995917,0.57595146,0.56219006,0.5488347,0.5493435,0.56394744,0.5813415,0.49723175,0.53583163,0.56342965,0.50851476,0.5646698,0.5567079,0.56960297,0.5541323,0.54217505,0.5574217,0.5640294,0.54177976,0.56826234,0.5757487,0.5433917,0.55463266,0.5605258,0.53763866,0.54079616,0.55220544,0.55365646,0.5594257,0.5403613,0.53092235,0.61005443,0.53186977,0.5613389,0.57146764,0.51330274,0.56805515,0.51201814,0.5707893,0.5434412,0.5714362,0.51867104,0.59508914,0.5825703,0.5715526,0.54602104,0.53078103,0.581174,0.5604568,0.5334191,0.5469961,0.5273386,0.5779847,0.55970085,0.55868846,0.5466761,0.6103043,0.5305411,0.5162789,0.5501769,0.5503444,0.6067031,0.55105114,0.4876156,0.55065876,0.5416602,0.54551464,0.5211574,0.5521772,0.57510835,0.6062391,0.5092168,0.57268596,0.52595836,0.53093547,0.5554244,0.5670934,0.5723628,0.56839365,0.5259342,0.5610455,0.567216,0.5063143,0.5602648,0.5365703,0.531662,0.5865295,0.5673348,0.5404539,0.5284544,0.5626008,0.539468,0.5446279,0.6129204,0.5714465,0.54870236,0.5611575,0.5860023,0.50668216,0.56591296,0.5675554,0.5350409,0.57612056
4,0.33509195,0.2737702,0.24959031,0.2504756,0.20266101,0.26600963,0.2099252,0.24088871,0.33033213,0.2970082,0.27890673,0.19327931,0.24722257,0.25733778,0.17176381,0.2180893,0.31275886,0.2800263,0.29789937,0.5389035,0.7876939,1.0394297,1.301084,1.5088966,1.6351475,1.7133677,1.8068607,1.966003,1.9657284,1.9506599,2.0085387,1.9613998,2.0064428,2.0237439,1.9677601,1.93727,1.9330409,1.8702133,1.8567898,1.8528014,1.7284906,1.7930323,1.7227082,1.693162,1.6988211,1.6109433,1.5572307,1.605208,1.4786378,1.4807925,1.4260755,1.4210482,1.3617015,1.3194652,1.2586936,1.3041186,1.2496861,1.1392176,1.2146991,1.1726749,1.1043062,1.1564888,1.0650625,1.0301794,1.0290949,1.1050122,0.9740752,1.0553225,0.9788568,0.90944207,1.0290859,0.89137954,1.0167928,0.9179464,0.9044216,0.85555273,0.89319676,0.8644379,0.86660635,0.8434527,0.76822996,0.8263712,0.7657605,0.7528151,0.80524975,0.74261576,0.7723659,0.73762083,0.7320059,0.6934405,0.7443666,0.7034147,0.70315015,0.6137474,0.6972156,0.6568604,0.6667537,0.59999394,0.66545755,0.7024971,0.6644656,0.64030826,0.64475095,0.61355156,0.60737365,0.61915827,0.6397229,0.6095984,0.6010853,0.62513155,0.65225804,0.61315256,0.5747929,0.6193184,0.6266475,0.618762,0.63183075,0.5921707,0.59347963,0.6709944,0.5965178,0.6326214,0.63002497,0.6469044,0.5895391,0.6033555,0.6481308,0.60886014,0.5684881,0.5912984,0.5947585,0.5978273,0.59949815,0.58392537,0.629365,0.6504214,0.5426693,0.53459585,0.6282761,0.6189629,0.55048746,0.57663596,0.55076677,0.58616996,0.5733269,0.69326013,0.5977496,0.5454731,0.6563182,0.5227138,0.54447925,0.5800724,0.5258796,0.6184496,0.5871701,0.61913306,0.5876901,0.57334334,0.62339556,0.6088537,0.5083436,0.5193769,0.6512664,0.57249105,0.6053214,0.5633649,0.56458503,0.57134026,0.5057652,0.60000485,0.5563118,0.5757013,0.5685785,0.613408,0.5874421,0.5957554,0.59252685,0.5383509,0.5260716,0.5474972,0.53625727,0.593332,0.57556975,0.56047827,0.64037126,0.52438337,0.6263732,0.60492826,0.57511353,0.5787125,0.56998134,0.6365427,0.574006,0.5583868,0.53078943,0.57880867,0.6184927,0.619925,0.6186004,0.5027768,0.5838151,0.5762882,0.5964658,0.53645897,0.5040329,0.55944973,0.60918564,0.6291871,0.5525479,0.62945956,0.5181336,0.58380306,0.63543785,0.5333658,0.65918505,0.5612612,0.5245503,0.5718535,0.6390394,0.52860415,0.5169281,0.5524239,0.6241344,0.61124873,0.5849857,0.64059967,0.5527184,0.5038141,0.6001414,0.62305003,0.6418372,0.57224244,0.5335104,0.6013323,0.6020593,0.5865314,0.6350829,0.56199265,0.5202412,0.5666961,0.6043025,0.59183276,0.5158837,0.5794485,0.56503123,0.6100806,0.598145,0.5551453,0.6194971,0.5813039,0.5515699,0.49366155,0.5864227,0.5477607,0.5844884,0.59391814
5,0.33225137,0.2775209,0.24649477,0.25713754,0.20750421,0.26703486,0.21219918,0.23862857,0.3326149,0.30008525,0.2764521,0.19853443,0.25666803,0.25629896,0.17211628,0.21690851,0.311428,0.28410944,0.29675663,0.5377417,0.7893501,1.044321,1.300738,1.5024374,1.6374872,1.7170308,1.8024566,1.9691688,1.9563258,1.9536312,2.0080924,1.9587187,2.0062346,2.0281954,1.9798081,1.9261174,1.9326043,1.8748124,1.8557112,1.8530927,1.7256906,1.7863296,1.7170457,1.6965616,1.699156,1.6094022,1.5597147,1.6139722,1.482494,1.4768604,1.4330658,1.4117011,1.3630453,1.3141309,1.2609938,1.3053352,1.2518147,1.1368587,1.2154187,1.18119,1.1035086,1.1570215,1.0666865,1.032089,1.0279402,1.102413,0.97549176,1.0507289,0.98030794,0.9126089,1.0264306,0.8978487,1.0112065,0.919621,0.9079968,0.85988533,0.8905932,0.86832225,0.8658512,0.8420418,0.7705875,0.8270168,0.7674658,0.75793415,0.80663466,0.7373778,0.77300036,0.74145836,0.7273832,0.69593465,0.74618644,0.7007425,0.7001783,0.6161968,0.7041141,0.65052456,0.66877234,0.59691405,0.66677356,0.69705,0.6616495,0.6317502,0.64041054,0.6083409,0.60816056,0.61921436,0.64047176,0.60708463,0.5979482,0.623038,0.6486466,0.62016624,0.5778331,0.6213181,0.6284875,0.61053723,0.63459575,0.5922604,0.5878865,0.6695675,0.58749497,0.63389796,0.62696385,0.6445292,0.583576,0.5940536,0.64702165,0.6011005,0.5634668,0.59549516,0.5931802,0.59707344,0.6011535,0.5771414,0.6285593,0.65220016,0.54110146,0.530639,0.631914,0.61629796,0.5471936,0.5761436,0.5465942,0.5829364,0.5725892,0.69197416,0.5887749,0.54918903,0.65381634,0.52121216,0.5455906,0.5792969,0.52403915,0.61842465,0.5920786,0.61984,0.5849449,0.57037526,0.6210705,0.6108028,0.50089663,0.51440996,0.64422446,0.5731825,0.60113984,0.56477815,0.5585253,0.564388,0.5056585,0.60253084,0.55691886,0.57348835,0.5734901,0.61289316,0.58852214,0.5906046,0.5940118,0.5373506,0.5207385,0.5486842,0.535576,0.5928498,0.5748989,0.5514255,0.6414972,0.5216597,0.62413526,0.60568476,0.5725372,0.58058316,0.5680826,0.63443804,0.57149935,0.5587979,0.5299947,0.5796938,0.6227136,0.6239977,0.61817163,0.5020945,0.5809968,0.5772762,0.5968531,0.5398462,0.5064925,0.5618455,0.6059889,0.6292749,0.5457017,0.6300577,0.5173216,0.57309127,0.6292785,0.53569925,0.6601296,0.5623768,0.5187141,0.56304157,0.6363586,0.5255361,0.51880527,0.5557054,0.61708087,0.6086563,0.578778,0.63898367,0.5447874,0.49951208,0.59571946,0.6149349,0.6392293,0.5717269,0.5286976,0.59551674,0.60262537,0.5802279,0.6318023,0.55489945,0.5186521,0.57119596,0.60179675,0.58844936,0.5171914,0.572149,0.5568922,0.61046875,0.6002948,0.55770355,0.6194683,0.5805046,0.5502662,0.4876027,0.5775333,0.5525183,0.57959944,0.5899804
6,0.3217885,0.25650957,0.23003526,0.2598476,0.21615143,0.25197852,0.21270555,0.22899988,0.31341457,0.2760142,0.278762,0.20188549,0.24551624,0.25759566,0.18618125,0.21797603,0.27752435,0.28779328,0.2893535,0.51665473,0.76949495,1.0044069,1.2842884,1.4729484,1.6138989,1.6784614,1.7758769,1.9271857,1.9222764,1.9170237,2.0070527,1.9509134,1.9827015,2.0021515,1.9571595,1.892123,1.9284717,1.8717179,1.8542283,1.8236693,1.7288369,1.7502328,1.7045903,1.6848158,1.6823084,1.5870129,1.5176812,1.573621,1.4837083,1.4502165,1.4190392,1.3835133,1.3674468,1.3161771,1.2706361,1.287152,1.255832,1.1502098,1.201694,1.1626977,1.10313,1.1226244,1.0553393,1.0429373,1.0301651,1.0743607,0.98698723,1.00997,0.97333753,0.91842973,0.98830575,0.9098748,0.97260684,0.8956079,0.90182483,0.8526856,0.8705091,0.8561584,0.84970963,0.81895596,0.7829629,0.8182705,0.77953076,0.7734642,0.79373044,0.7267385,0.76529557,0.73770875,0.7120874,0.69745165,0.7362979,0.69038785,0.70734274,0.62572426,0.6941786,0.66980535,0.66102314,0.6158415,0.6684195,0.6754817,0.65414596,0.6135525,0.63301915,0.6040205,0.64368504,0.6160214,0.64467025,0.60037726,0.59516335,0.62449986,0.6303327,0.6170785,0.5979608,0.6195317,0.6355578,0.60372806,0.61999017,0.5827187,0.5799427,0.6412455,0.5833338,0.6242552,0.62214124,0.62415725,0.5659353,0.58508694,0.6269726,0.5816189,0.5705684,0.5935677,0.5963403,0.6016938,0.59011114,0.584126,0.61026466,0.62925535,0.5540736,0.5517204,0.60172945,0.6165072,0.550809,0.5774536,0.554262,0.59190273,0.57490927,0.6672258,0.5870942,0.54073995,0.6153193,0.5370037,0.56206036,0.5853297,0.5254288,0.6076961,0.5836853,0.6014672,0.5806339,0.5566541,0.58725655,0.6017292,0.50586265,0.5302829,0.6145498,0.54573256,0.5872102,0.5730163,0.57318264,0.568483,0.5253549,0.5808297,0.56195474,0.5656556,0.5612772,0.59734476,0.56716514,0.58608544,0.573359,0.536482,0.5335955,0.54773617,0.54279804,0.5791394,0.5541175,0.55266696,0.6257925,0.5209814,0.611087,0.5849581,0.5460679,0.56775117,0.5429842,0.6130259,0.57076985,0.57664156,0.5275307,0.5835622,0.5980522,0.58844036,0.58913827,0.5254912,0.5787164,0.56648296,0.56091946,0.5374644,0.51828873,0.56913054,0.5932659,0.605494,0.55541867,0.6215466,0.5277529,0.55748504,0.6062778,0.55047524,0.63901985,0.56108934,0.5142269,0.574975,0.5912603,0.53709054,0.51828045,0.5569275,0.61771524,0.6082704,0.5586359,0.6054649,0.5467808,0.5201343,0.5780674,0.60942096,0.62006956,0.5784485,0.5386509,0.5896021,0.5894738,0.55079913,0.5989835,0.5570904,0.53242135,0.57692134,0.5866205,0.5724342,0.52228177,0.57472825,0.56121206,0.5855316,0.6075765,0.5572301,0.59077364,0.57535034,0.5603957,0.50591516,0.57564294,0.5522238,0.56726754,0.58825076
7,0.3183645,0.25993934,0.22647703,0.26702574,0.2204642,0.25359195,0.21542767,0.22695887,0.31566262,0.27893916,0.2766472,0.20576939,0.25497797,0.25622115,0.18652806,0.21696301,0.27576637,0.29181513,0.28827292,0.5153475,0.7709395,1.0091,1.2832725,1.4665459,1.6164418,1.6826832,1.7715492,1.9309942,1.9112912,1.9201134,2.0065382,1.948234,1.9834629,2.0056555,1.9705327,1.8800721,1.9282079,1.8771548,1.8528392,1.8241171,1.7262933,1.743744,1.6982093,1.6880759,1.6824127,1.584863,1.5210218,1.5825775,1.4883139,1.4456614,1.4263719,1.3743988,1.3703899,1.3107094,1.2742124,1.2880633,1.2581208,1.1477929,1.2026062,1.1716222,1.1028107,1.1223732,1.0574548,1.0457243,1.0283706,1.0715704,0.9882848,1.0049794,0.9744805,0.9216905,0.98595136,0.91559744,0.96664864,0.89789003,0.9055344,0.85684246,0.8665337,0.85948914,0.84931767,0.8176871,0.7863887,0.81779474,0.7808043,0.7794767,0.79555976,0.7218736,0.7643823,0.74125624,0.7067272,0.69986224,0.7380313,0.6884121,0.7042669,0.6284588,0.70189244,0.66366506,0.6632913,0.61287194,0.67083275,0.66883993,0.65014535,0.60480547,0.628158,0.59919506,0.64459383,0.61562485,0.6452504,0.59850085,0.5920863,0.6214171,0.62715876,0.6240348,0.6014733,0.6208165,0.6370996,0.59485465,0.6233446,0.58330286,0.57426405,0.6389642,0.57479143,0.62638044,0.6197188,0.62158644,0.55934197,0.5753776,0.6270831,0.572564,0.5649378,0.5974195,0.59451544,0.6001351,0.5915938,0.57721615,0.6084985,0.6303102,0.5522849,0.54711837,0.6055952,0.6141306,0.5475921,0.5780721,0.5509501,0.5880095,0.57346684,0.66516584,0.5766953,0.5453613,0.6132649,0.53483963,0.5638435,0.58319306,0.52483547,0.6077398,0.588624,0.6011378,0.57721084,0.553368,0.5843611,0.6039522,0.49830392,0.5254411,0.6075293,0.5466543,0.5821065,0.57509565,0.56672305,0.5614099,0.5258194,0.58305955,0.563543,0.56319714,0.5671314,0.59598106,0.56844926,0.5797548,0.5749014,0.5351332,0.5283654,0.54843324,0.5438404,0.57882977,0.55294013,0.542794,0.6272725,0.518623,0.6084382,0.5841433,0.54282665,0.57019424,0.5410987,0.61130434,0.5685613,0.57746005,0.5280278,0.5841564,0.6017949,0.59227157,0.58811533,0.52605355,0.57596505,0.5685543,0.5610087,0.540153,0.52117586,0.5722141,0.5897269,0.6046683,0.5487666,0.62113553,0.52819127,0.545777,0.60027283,0.55396736,0.63972193,0.56149006,0.50891644,0.5659917,0.588177,0.5340784,0.5199543,0.56201047,0.61000687,0.60580254,0.551925,0.6039462,0.5372552,0.5158172,0.5743155,0.5999539,0.61701965,0.5779254,0.5337373,0.58271396,0.58852196,0.54521775,0.5961419,0.5495898,0.5309245,0.5820674,0.58490217,0.56916326,0.52450144,0.5671107,0.5526466,0.5843467,0.609411,0.5597466,0.590949,0.57389325,0.5589749,0.49962962,0.56582385,0.556918,0.5618912,0.5848334
8,0.31118336,0.24881467,0.23938236,0.2628279,0.21877564,0.24921641,0.22094595,0.2322498,0.31661743,0.27646926,0.26919895,0.20016685,0.23781365,0.2567031,0.1828349,0.22112596,0.27433407,0.2787887,0.28819734,0.5177622,0.7579966,0.99656487,1.2721397,1.4616904,1.6076634,1.6716475,1.7753952,1.917297,1.9135635,1.9040523,1.9930699,1.9404843,1.9812238,1.9872074,1.9499221,1.8840504,1.9162804,1.8518043,1.836695,1.8072846,1.7126206,1.7451017,1.6970631,1.6820253,1.6629295,1.5824925,1.5025728,1.5739758,1.4798794,1.4416878,1.3966348,1.3777167,1.352459,1.3003547,1.2723672,1.2814841,1.2365822,1.1327877,1.1997433,1.1512368,1.0878563,1.1122772,1.0434449,1.0370584,1.0176102,1.0643998,0.9750482,0.9948424,0.95948553,0.90618324,0.9837912,0.8990304,0.9642198,0.9010317,0.89974195,0.8405029,0.87064636,0.8474826,0.8430333,0.80716515,0.7797663,0.81346583,0.76641834,0.7651305,0.78667647,0.70798814,0.75342995,0.7360284,0.70753783,0.6990618,0.7358836,0.6871107,0.70277387,0.61187834,0.68620193,0.6630273,0.6571683,0.60016704,0.6708873,0.670179,0.6528827,0.61364156,0.62283677,0.586942,0.6298026,0.61336833,0.6393791,0.59428805,0.59280694,0.6228508,0.62661135,0.60981476,0.59100384,0.6186508,0.619344,0.6010441,0.60643476,0.5727902,0.5709316,0.65022063,0.580595,0.61294365,0.609896,0.6176403,0.56085724,0.577394,0.62389684,0.576793,0.55933183,0.5865777,0.6034629,0.5934007,0.5833913,0.57993305,0.60105467,0.6297942,0.5535096,0.5323749,0.6016447,0.6189561,0.5579304,0.5639838,0.5594841,0.58970505,0.5642858,0.6657713,0.59046286,0.52463996,0.6174384,0.52200305,0.5651925,0.58702964,0.5191436,0.60923684,0.580135,0.59165734,0.5749658,0.5588471,0.5876266,0.58872664,0.50760764,0.52667135,0.61285406,0.5307813,0.5771223,0.56537557,0.56903344,0.5630149,0.5305813,0.5769359,0.5581711,0.5632116,0.56128114,0.6001493,0.56499994,0.57535505,0.56400275,0.5394631,0.5300604,0.53664875,0.54638654,0.57859635,0.55341274,0.5439886,0.62029403,0.52536625,0.5974574,0.5840672,0.5429859,0.5665054,0.53437525,0.6150274,0.5569136,0.56205386,0.5176146,0.57883507,0.59687394,0.58990926,0.5870184,0.5201118,0.573981,0.5730883,0.562743,0.52558696,0.50657576,0.5609508,0.5927587,0.5955428,0.5504637,0.62684786,0.518511,0.5506475,0.60748917,0.54132813,0.64166385,0.5457175,0.50981873,0.5723114,0.59061146,0.52329886,0.5187259,0.54918337,0.6087616,0.6089314,0.5509546,0.6058409,0.54084957,0.51661235,0.57991546,0.5974282,0.6070191,0.5792318,0.52664536,0.57493883,0.5806778,0.54690886,0.60254747,0.54602623,0.52250475,0.5771915,0.5889386,0.57243204,0.5108286,0.57466274,0.5597069,0.57587314,0.59889805,0.55760914,0.59401155,0.5600459,0.56346905,0.49730733,0.57622474,0.5514588,0.555613,0.5808886
9,0.3067911,0.25227565,0.23530024,0.27080107,0.22357029,0.2513852,0.22405261,0.22990507,0.3193195,0.2798755,0.26672608,0.20364764,0.24754834,0.25454813,0.18254551,0.21996978,0.27149343,0.2821958,0.28742224,0.5169223,0.759123,1.0014331,1.2703897,1.4536295,1.610062,1.675595,1.7704623,1.9207972,1.9008682,1.9071643,1.991979,1.9371738,1.9812784,1.9905679,1.9631147,1.8705453,1.914547,1.8575306,1.834173,1.8071011,1.7101825,1.7382498,1.6893197,1.6834303,1.6609877,1.5800359,1.5069195,1.5824261,1.484957,1.4372203,1.4026474,1.3682148,1.3552297,1.2943405,1.2760355,1.2829479,1.2379273,1.1296843,1.2007312,1.1598063,1.0875571,1.112876,1.0455927,1.0389683,1.0148102,1.0610559,0.9755379,0.98879755,0.9613311,0.9097874,0.9812749,0.90487635,0.9571185,0.90311784,0.904028,0.844724,0.86633456,0.84971774,0.84221804,0.8058916,0.7837873,0.8118285,0.76794815,0.77173156,0.78909796,0.70224607,0.7514007,0.73945343,0.7012158,0.7010596,0.73851603,0.6851212,0.6987199,0.61371374,0.6934953,0.6564252,0.6607542,0.59662604,0.672844,0.6630025,0.64703196,0.60497504,0.61620855,0.5831762,0.6296802,0.61365396,0.639692,0.5919843,0.5891919,0.61972034,0.62424,0.6174784,0.5945605,0.61900914,0.61928463,0.59167206,0.610967,0.57341045,0.5655,0.6487985,0.5718567,0.61573404,0.608042,0.614175,0.5539977,0.5673522,0.62450254,0.56634843,0.55278337,0.58941114,0.60090256,0.5907139,0.58537996,0.5712658,0.5988072,0.62998253,0.5516976,0.5265425,0.6063283,0.6167458,0.5546071,0.5647479,0.5563979,0.5839646,0.56172097,0.66275126,0.57827276,0.5296186,0.6160676,0.5184831,0.5670648,0.58343583,0.5188137,0.6101093,0.58590406,0.5902955,0.57034373,0.55465937,0.5856638,0.5911679,0.50000477,0.52138346,0.60581213,0.53310764,0.57079065,0.5677885,0.56195843,0.55533534,0.5314332,0.58059496,0.5602738,0.56125957,0.56674224,0.59813493,0.56507,0.56870216,0.56618756,0.5375157,0.52411,0.5369599,0.5473356,0.57747215,0.5531518,0.53343135,0.6213458,0.5236499,0.59323794,0.58256674,0.5385862,0.5691221,0.5316679,0.61387247,0.5547973,0.56175494,0.5185327,0.5782963,0.601366,0.59380203,0.585927,0.5211097,0.57145995,0.5756657,0.5646652,0.52690357,0.50982434,0.56407434,0.58864707,0.5938755,0.5422691,0.62530714,0.5194824,0.53764445,0.6010891,0.5448209,0.6409635,0.54600006,0.50520635,0.562574,0.5867264,0.5193096,0.519434,0.5548644,0.6002304,0.6060978,0.54360145,0.6046414,0.5302512,0.51263,0.57672346,0.5866679,0.60291165,0.5769334,0.5209776,0.5673857,0.57902646,0.54218316,0.60070217,0.5371561,0.52106225,0.5824265,0.58806586,0.56832,0.5139315,0.5658007,0.5502498,0.57378983,0.59984624,0.5601904,0.5942622,0.55791223,0.5617578,0.49049404,0.5656248,0.5555054,0.54959744,0.57699597
