,0,1,2,3,4,5,6,7,8,9,10,11,12,13,14,15,16,17,18,19,20,21,22,23,24,25,26,27,28,29,30,31,32,33,34,35,36,37,38,39,40,41,42,43,44,45,46,47,48,49,50,51,52,53,54,55,56,57,58,59,60,61,62,63,64,65,66,67,68,69,70,71,72,73,74,75,76,77,78,79,80,81,82,83,84,85,86,87,88,89,90,91,92,93,94,95,96,97,98,99
0,11.869373,12.129842,12.453143,12.691244,12.953363,13.240661,13.817128,14.69812,15.376991,15.737587,15.821819,15.491896,14.6933,13.796237,12.739455,11.79629,11.034833,10.66161,10.619793,11.063605,11.786423,12.794262,13.839881,14.679318,15.385778,15.715802,15.655786,15.206616,14.39307,13.404588,12.333807,11.462626,10.844031,10.554831,10.733766,11.341823,12.149763,13.17876,14.213968,14.990873,15.552651,15.773326,15.539266,14.919236,13.983798,12.955769,12.037629,11.208864,10.715601,10.607381,10.908163,11.589305,12.502581,13.540533,14.5289955,15.25713,15.714458,15.75424,15.341386,14.569048,13.672747,12.603295,11.669248,10.95731,10.560396,10.669131,11.128188,11.94421,12.905126,13.924315,14.806747,15.474844,15.809054,15.656109,15.109522,14.269165,13.28736,12.258051,11.375377,10.787438,10.581076,10.798575,11.441524,12.25249,13.30505,14.287596,15.080478,15.616852,15.784357,15.494124,14.872965,13.9119625,12.821802,11.858695,11.129704,10.657642,10.604286,10.942995,11.701235,12.649781
1,11.835608,12.112045,12.427438,12.672887,12.921068,13.2163925,13.795816,14.6918745,15.350561,15.711386,15.798789,15.460537,14.664352,13.777381,12.735044,11.766586,11.016139,10.663926,10.606428,11.063949,11.766338,12.788704,13.836426,14.644295,15.37181,15.677102,15.628988,15.176539,14.376108,13.402783,12.307987,11.440935,10.813421,10.555356,10.704205,11.336852,12.13045,13.166656,14.206389,14.965971,15.525046,15.734272,15.499805,14.912492,13.952247,12.934925,12.035227,11.196561,10.71505,10.609786,10.88497,11.562422,12.482479,13.5308275,14.511689,15.227175,15.699239,15.731887,15.306544,14.548222,13.661282,12.5686,11.67145,10.956117,10.554804,10.668837,11.09955,11.938139,12.883709,13.901328,14.77777,15.436747,15.790761,15.641775,15.073165,14.262491,13.286055,12.254104,11.37733,10.781053,10.554806,10.789498,11.433008,12.218667,13.280008,14.251151,15.04675,15.584055,15.74833,15.462288,14.867331,13.884343,12.801543,11.848281,11.135498,10.66069,10.593537,10.932663,11.681135,12.630103
2,11.836863,12.112778,12.42884,12.673941,12.922747,13.217731,13.796688,14.692932,15.352057,15.712374,15.799821,15.462121,14.665525,13.77851,12.735534,11.768076,11.017082,10.664662,10.607145,11.064568,11.767027,12.789422,13.837261,14.645529,15.372572,15.678745,15.630238,15.178112,14.37738,13.403623,12.309283,11.44236,10.814955,10.555635,10.705725,11.3376465,12.131368,13.167339,14.207275,14.96716,15.526243,15.73592,15.50141,14.913164,13.953829,12.935743,12.035874,11.197704,10.715636,10.610305,10.886241,11.563421,12.483245,13.531472,14.512627,15.228707,15.700307,15.733253,15.308203,14.549109,13.662431,12.570219,11.671899,10.956686,10.555258,10.669188,11.100744,11.939024,12.884791,13.902579,14.778916,15.438597,15.792145,15.642481,15.074827,14.263443,13.286693,12.254762,11.377882,10.781718,10.5562725,10.790197,11.433974,12.219738,13.2811165,14.253023,15.048222,15.585677,15.750115,15.463939,14.868322,13.885885,12.802569,11.848849,11.136098,10.661185,10.594363,10.933222,11.682116,12.631007
3,11.836491,12.112409,12.428496,12.673592,12.922407,13.217386,13.796255,14.692462,15.351581,15.711847,15.799342,15.461638,14.665169,13.778098,12.735166,11.767712,11.016765,10.6643305,10.606741,11.064256,11.766636,12.789005,13.83685,14.645057,15.372148,15.67834,15.629736,15.177661,14.376942,13.4032955,12.308905,11.442039,10.81465,10.5553255,10.705387,11.3372965,12.130952,13.166964,14.206905,14.966759,15.525809,15.735452,15.500952,14.912741,13.953388,12.935376,12.035465,11.197401,10.71532,10.609995,10.885925,11.563051,12.482871,13.531055,14.5122,15.228262,15.699836,15.732837,15.307716,14.548731,13.66198,12.569856,11.671553,10.956373,10.554939,10.668885,11.1004305,11.938676,12.884402,13.902208,14.77846,15.438175,15.791728,15.641966,15.074312,14.262994,13.286283,12.254406,11.377502,10.781383,10.555929,10.789805,11.433639,12.219375,13.280679,14.252639,15.047759,15.585174,15.749609,15.463452,14.867924,13.88543,12.80226,11.848461,11.135762,10.660894,10.594081,10.932943,11.681768,12.630601
4,11.836729,12.112639,12.428681,12.673776,12.922587,13.217553,13.796556,14.692773,15.35187,15.712217,15.79965,15.461957,14.6653185,13.778365,12.735412,11.767926,11.01695,10.664537,10.607044,11.064422,11.766912,12.789274,13.837108,14.645391,15.372417,15.678531,15.63004,15.17794,14.377222,13.403452,12.309125,11.442193,10.814817,10.55553,10.705589,11.337508,12.131253,13.167175,14.207098,14.966967,15.526061,15.735747,15.501224,14.912999,13.953674,12.935603,12.035775,11.197552,10.7154875,10.61016,10.886098,11.563275,12.483111,13.531304,14.512472,15.228514,15.700111,15.733064,15.308009,14.548938,13.662269,12.570047,11.67179,10.956548,10.555141,10.669078,11.100594,11.938886,12.884654,13.902417,14.778745,15.438393,15.791917,15.642335,15.074659,14.263281,13.286532,12.254638,11.377756,10.781609,10.556129,10.790085,11.433846,12.219618,13.280966,14.252826,15.048053,15.585486,15.749914,15.463782,14.868143,13.885721,12.802402,11.848752,11.135962,10.661065,10.594221,10.933089,11.681986,12.630866
5,11.967517,12.198551,12.407125,12.674093,12.934191,13.200781,13.878252,14.540181,15.33458,15.84012,15.857522,15.449714,14.788846,13.730105,12.694643,11.752632,11.019376,10.467525,10.591204,10.94373,11.866224,12.725455,13.711079,14.807514,15.4189,15.804824,15.701003,15.168013,14.288443,13.25046,12.331285,11.383574,10.79733,10.508211,10.695722,11.213602,12.164112,13.181596,14.109596,15.038862,15.621092,15.817534,15.599105,14.868735,13.983256,13.005539,11.885601,11.079516,10.580109,10.465626,10.86806,11.650318,12.582143,13.54551,14.513878,15.263083,15.6687,15.709248,15.356737,14.629967,13.523048,12.590761,11.556888,10.861258,10.553405,10.592763,11.153243,11.8345175,12.913793,13.920313,14.882361,15.47702,15.703895,15.656169,15.107607,14.148828,13.147186,12.146852,11.247911,10.69904,10.506969,10.730953,11.308394,12.38255,13.327282,14.275363,15.138879,15.623364,15.762915,15.462531,14.704972,13.835098,12.846271,11.858245,10.949034,10.533363,10.536126,10.963644,11.7098675,12.664742
6,11.836433,12.112365,12.428452,12.67358,12.922347,13.217352,13.796176,14.692366,15.351493,15.711746,15.799259,15.461538,14.665164,13.77803,12.735099,11.767658,11.016722,10.66428,10.606651,11.064246,11.766577,12.788937,13.836787,14.644957,15.372075,15.678321,15.629674,15.177602,14.376866,13.403285,12.308837,11.441995,10.81458,10.555273,10.705325,11.337259,12.130867,13.166915,14.206884,14.966731,15.525771,15.735378,15.500884,14.912688,13.953284,12.935344,12.035385,11.197387,10.715301,10.609969,10.8858795,11.563005,12.482818,13.531013,14.512137,15.228206,15.699762,15.732759,15.307654,14.548714,13.661899,12.569828,11.671502,10.956345,10.554874,10.668839,11.100418,11.938641,12.884328,13.90216,14.77838,15.438126,15.791697,15.641868,15.074211,14.262907,13.286231,12.25432,11.377414,10.781326,10.55586,10.789727,11.433556,12.219315,13.2806,14.252598,15.047691,15.585083,15.749528,15.463348,14.867877,13.885342,12.802248,11.848367,11.135706,10.660849,10.594062,10.932928,11.681702,12.630546
7,11.88286,12.137185,12.464215,12.699316,12.96705,13.251134,13.825928,14.702397,15.388539,15.748217,15.83149,15.505271,14.704966,13.804675,12.741985,11.80885,11.042804,10.662406,10.625742,11.06484,11.794464,12.7976465,13.842787,14.693244,15.391971,15.731595,15.66705,15.219553,14.401191,13.406867,12.344747,11.472382,10.8569145,10.555354,10.746272,11.345055,12.158018,13.184141,14.2182455,15.001315,15.564066,15.78927,15.555256,14.922922,13.997156,12.964291,12.039936,11.215101,10.717027,10.607752,10.918147,11.60008,12.51071,13.545134,14.536586,15.269919,15.721594,15.764165,15.355957,14.5776415,13.678794,12.617737,11.669635,10.95891,10.563211,10.670034,11.139847,11.9480095,12.914315,13.934254,14.818519,15.490841,15.817757,15.662378,15.124712,14.273313,13.289189,12.260746,11.375957,10.790935,10.592472,10.803043,11.4461975,12.265674,13.315455,14.303019,15.0943575,15.630769,15.799614,15.507731,14.876811,13.92399,12.830358,11.8633585,11.129103,10.657703,10.609437,10.947546,11.709744,12.658084
8,11.836874,12.112789,12.428822,12.673928,12.922719,13.217702,13.7967205,14.692953,15.352051,15.712402,15.799845,15.4621315,14.665492,13.77852,12.735546,11.768063,11.01708,10.664663,10.607184,11.064562,11.767057,12.789438,13.837268,14.645557,15.372587,15.6787195,15.630246,15.178119,14.377387,13.403601,12.309276,11.44232,10.814933,10.555654,10.705703,11.337641,12.131406,13.167336,14.207263,14.967143,15.526245,15.735917,15.501407,14.91318,13.953826,12.935764,12.03592,11.19768,10.715631,10.610306,10.886224,11.563423,12.483254,13.531484,14.51264,15.2287035,15.700297,15.733228,15.308188,14.54911,13.662429,12.570204,11.6719265,10.956681,10.55527,10.669197,11.100733,11.939024,12.884804,13.902568,14.778926,15.438576,15.792111,15.642525,15.074847,14.263451,13.286704,12.254773,11.37789,10.781731,10.556258,10.79022,11.433965,12.219758,13.281127,14.252987,15.048226,15.585677,15.750111,15.46394,14.868302,13.885885,12.802538,11.848883,11.136097,10.661181,10.594348,10.933224,11.682119,12.631022
9,12.089855,12.364248,12.478579,12.804781,13.070785,13.253655,14.024836,14.738013,15.471756,16.037407,15.979314,15.511547,14.912171,13.779706,12.788983,11.772612,11.054408,10.579256,10.661138,11.101684,11.970621,12.925537,13.900651,14.975116,15.62992,15.995237,15.892687,15.280314,14.424593,13.37112,12.436738,11.502633,10.792711,10.605605,10.767761,11.283172,12.312593,13.273272,14.212459,15.21886,15.800845,15.898266,15.655199,15.014173,14.15516,13.0760145,11.929607,11.1693325,10.611457,10.531995,10.937794,11.674681,12.715179,13.737006,14.604346,15.452514,15.838132,15.856105,15.501122,14.752837,13.600032,12.623175,11.700042,10.981445,10.685665,10.618508,11.15702,12.025725,13.073359,14.094515,14.998296,15.624535,15.823254,15.72381,15.202925,14.321757,13.1828985,12.199396,11.389389,10.755594,10.549724,10.790227,11.376113,12.446729,13.407013,14.44481,15.305099,15.817704,15.883545,15.606195,14.7838,13.881582,12.981104,11.96504,11.094257,10.649045,10.591329,11.085978,11.810074,12.743691
10,11.836506,12.112425,12.428509,12.673592,12.922409,13.217378,13.796272,14.692463,15.351592,15.711863,15.799344,15.461643,14.665182,13.778091,12.735152,11.767726,11.01676,10.664329,10.60676,11.064265,11.766651,12.789015,13.836859,14.64506,15.37216,15.678337,15.629753,15.17767,14.376937,13.403302,12.308908,11.442056,10.814651,10.555331,10.705389,11.337304,12.130957,13.166975,14.20692,14.966766,15.525825,15.735464,15.500963,14.912752,13.953388,12.935376,12.035463,11.1974125,10.715332,10.610002,10.885922,11.563065,12.482886,13.53106,14.512209,15.228254,15.699841,15.732843,15.307723,14.54874,13.661979,12.569868,11.671558,10.956389,10.554949,10.668902,11.100453,11.938687,12.884394,13.902204,14.778466,15.438189,15.791737,15.641972,15.074324,14.2630005,13.286294,12.254404,11.377518,10.7814,10.555932,10.789815,11.433642,12.219377,13.280697,14.252642,15.047775,15.585179,15.749623,15.463458,14.867925,13.885436,12.802263,11.848461,11.135768,10.660887,10.594091,10.932955,11.68177,12.630605
11,11.982646,12.184342,12.496949,12.719279,13.017333,13.285152,13.880432,14.633476,15.416582,15.823618,15.883244,15.553494,14.792836,13.816796,12.723999,11.857635,11.075451,10.570367,10.637166,11.000033,11.858252,12.760702,13.779548,14.801941,15.411568,15.83121,15.7228365,15.260238,14.38413,13.338436,12.390326,11.477871,10.909519,10.525095,10.7906885,11.299645,12.1899605,13.2021475,14.183898,15.05519,15.631828,15.885568,15.661338,14.902118,14.048627,13.022429,11.9825535,11.183533,10.663336,10.540759,10.947652,11.681643,12.571106,13.546667,14.559652,15.318153,15.719078,15.780829,15.424258,14.633856,13.639154,12.688267,11.605164,10.911158,10.557835,10.63877,11.214189,11.8977585,12.947595,13.964632,14.899643,15.561123,15.805629,15.687189,15.195621,14.2226305,13.234939,12.221442,11.306567,10.765335,10.6192255,10.791125,11.407225,12.384506,13.371672,14.361535,15.173878,15.685118,15.859407,15.551372,14.816702,13.952377,12.870041,11.874361,11.030336,10.590051,10.601678,10.964602,11.747079,12.699319
12,11.836897,12.112811,12.428843,12.6739435,12.922735,13.217715,13.796744,14.692972,15.35207,15.712427,15.799862,15.462156,14.665521,13.778537,12.735552,11.768082,11.017086,10.664674,10.607204,11.06458,11.767082,12.789456,13.837285,14.645577,15.372608,15.678739,15.630275,15.178142,14.37741,13.403619,12.309295,11.442342,10.814947,10.555668,10.705716,11.337656,12.131427,13.167358,14.207287,14.967169,15.526271,15.735949,15.5014305,14.913202,13.953841,12.935785,12.035933,11.197701,10.715654,10.610321,10.886241,11.563443,12.483276,13.531502,14.512659,15.228716,15.700322,15.733251,15.308215,14.549133,13.662445,12.57023,11.6719475,10.956705,10.555288,10.669218,11.100754,11.939042,12.884816,13.90258,14.778945,15.438602,15.792138,15.642544,15.074878,14.263473,13.286726,12.254788,11.377909,10.781751,10.556275,10.79024,11.433984,12.219775,13.281156,14.253009,15.048252,15.585699,15.750139,15.463962,14.868323,13.885903,12.802555,11.848893,11.136113,10.661187,10.594369,10.933242,11.682133,12.631037
13,11.993975,12.232845,12.42568,12.703326,12.966279,13.215184,13.909165,14.585203,15.366628,15.880976,15.884057,15.466799,14.815008,13.743922,12.7155905,11.76098,11.028914,10.494774,10.607599,10.978861,11.887863,12.768699,13.753423,14.842679,15.462922,15.845966,15.742141,15.195174,14.320706,13.279059,12.355772,11.41229,10.800829,10.529235,10.714664,11.231462,12.196313,13.201603,14.133967,15.077364,15.659321,15.83731,15.613471,14.900412,14.021987,13.02096,11.898382,11.102358,10.589723,10.482253,10.885894,11.656722,12.609739,13.585684,14.534642,15.3050165,15.706189,15.742895,15.389806,14.655977,13.543656,12.601467,11.588621,10.8883,10.581351,10.599865,11.156484,11.8770275,12.948628,13.958696,14.907436,15.511366,15.732802,15.6715555,15.131142,14.187903,13.157893,12.160676,11.279737,10.71342,10.520349,10.745674,11.326412,12.396252,13.345791,14.314461,15.175309,15.6666,15.792041,15.496252,14.725716,13.849452,12.875578,11.881321,10.982477,10.559715,10.550221,10.989367,11.73237,12.682674
14,11.862667,12.126061,12.447074,12.686721,12.945995,13.234923,13.812598,14.694813,15.370571,15.732206,15.816712,15.484656,14.687461,13.79143,12.737699,11.789536,11.030521,10.660044,10.616433,11.06208,11.782429,12.791808,13.837407,14.67244,15.382332,15.707727,15.649824,15.199549,14.388122,13.402415,12.32796,11.457026,10.8371525,10.5541115,10.727011,11.339386,12.145296,13.175768,14.211033,14.9853735,15.546745,15.765144,15.531164,14.916777,13.976608,12.951418,12.035577,11.204865,10.714107,10.606323,10.902684,11.583934,12.498501,13.537801,14.52479,15.250199,15.710217,15.748617,15.333682,14.564643,13.668743,12.595711,11.6682415,10.95578,10.558643,10.668196,11.122227,11.941397,12.900122,13.91885,14.800769,15.466339,15.803806,15.652671,15.101499,14.2661295,13.285606,12.255969,11.374191,10.785081,10.57477,10.79581,11.438335,12.246152,13.299609,14.279301,15.073308,15.609358,15.776156,15.486704,14.869967,13.905286,12.817233,11.856044,11.128862,10.656775,10.601169,10.940485,11.696683,12.645373
15,11.835687,12.111931,12.427495,12.672793,12.921207,13.216377,13.795732,14.691684,15.35055,15.711288,15.798649,15.460578,14.664289,13.777311,12.734832,11.766676,11.016083,10.663735,10.606334,11.063713,11.766254,12.788492,13.836211,14.644332,15.371619,15.677128,15.628894,15.176568,14.376029,13.402569,12.308001,11.440986,10.813559,10.555122,10.704356,11.336707,12.130385,13.166457,14.206197,14.965896,15.524974,15.734373,15.499875,14.912238,13.952325,12.9348135,12.035025,11.196515,10.714836,10.609516,10.885024,11.562401,12.482402,13.530585,14.511567,15.227143,15.699064,15.731848,15.306601,14.548095,13.661171,12.568702,11.671213,10.955912,10.554626,10.668636,11.099585,11.938011,12.8836565,13.901303,14.777707,15.436836,15.790619,15.64157,15.0732355,14.26231,13.285792,12.253914,11.37711,10.780929,10.554897,10.789376,11.432938,12.218717,13.279977,14.251273,15.0468025,15.584067,15.748384,15.462381,14.867128,13.88438,12.801489,11.848138,11.135253,10.660471,10.593433,10.932503,11.681102,12.63
16,11.836463,12.112373,12.428458,12.67351,12.922366,13.21731,13.796238,14.6924305,15.351545,15.711828,15.799289,15.46162,14.665071,13.77806,12.735124,11.76768,11.016714,10.664293,10.606753,11.064188,11.766617,12.788972,13.83681,14.645044,15.372108,15.678235,15.6296835,15.177613,14.376908,13.403221,12.308865,11.442001,10.814619,10.555295,10.705364,11.337257,12.130938,13.166911,14.206839,14.9666815,15.5257435,15.73542,15.500899,14.912686,13.953372,12.935309,12.035451,11.197346,10.715263,10.609934,10.885888,11.563007,12.482843,13.530992,14.51216,15.228188,15.699779,15.732797,15.307665,14.548648,13.661947,12.569795,11.671525,10.956327,10.554915,10.668866,11.100381,11.938642,12.884364,13.902149,14.778416,15.438112,15.791634,15.641945,15.074293,14.262968,13.286234,12.25438,11.3775,10.78137,10.555902,10.7898,11.433628,12.219344,13.280663,14.252575,15.047729,15.585134,15.749564,15.463449,14.867859,13.8854065,12.802187,11.848456,11.135728,10.660848,10.594027,10.932884,11.681736,12.630554
17,11.836477,12.1124115,12.428497,12.6735935,12.922394,13.217376,13.796242,14.69244,15.351564,15.7118435,15.799322,15.461611,14.665163,13.778084,12.735161,11.767706,11.016757,10.664318,10.606731,11.064259,11.766619,12.788991,13.836838,14.645035,15.372141,15.678323,15.629724,15.177649,14.376922,13.403299,12.308884,11.44204,10.814631,10.5553055,10.705393,11.337298,12.13093,13.166951,14.206894,14.966764,15.52581,15.735454,15.500928,14.912735,13.953377,12.935365,12.035449,11.197394,10.71532,10.609983,10.885917,11.563033,12.482866,13.531052,14.512189,15.228239,15.699826,15.732828,15.307719,14.548732,13.661979,12.569848,11.671546,10.956369,10.554932,10.668889,11.10043,11.9386835,12.884381,13.902204,14.778449,15.43816,15.791707,15.641961,15.074292,14.262981,13.28628,12.254383,11.377495,10.781384,10.555908,10.789803,11.433624,12.219361,13.280662,14.25264,15.04777,15.585164,15.749587,15.4634495,14.867917,13.885417,12.802263,11.848447,11.135755,10.660887,10.594082,10.93294,11.681758,12.630597
18,11.836696,12.112614,12.428682,12.673769,12.922593,13.217558,13.796495,14.692722,15.351841,15.712147,15.799594,15.461906,14.665337,13.778328,12.735373,11.767907,11.01693,10.664504,10.606976,11.064411,11.766846,12.789227,13.837073,14.645325,15.372381,15.678528,15.630005,15.177905,14.377182,13.403468,12.309103,11.442209,10.814811,10.555486,10.705583,11.337494,12.131183,13.167155,14.2070875,14.966979,15.526041,15.735724,15.501188,14.91297,13.953645,12.935564,12.035699,11.197553,10.715484,10.610147,10.886096,11.563233,12.483077,13.531269,14.51243,15.228489,15.700082,15.733068,15.307996,14.548928,13.662244,12.570043,11.671745,10.95654,10.5551195,10.669059,11.100582,11.9388685,12.884607,13.902411,14.778706,15.438385,15.791923,15.642267,15.074605,14.263249,13.286505,12.254596,11.377721,10.781578,10.556111,10.790039,11.433835,12.219574,13.28092,14.252844,15.048037,15.585445,15.749877,15.463744,14.868131,13.885685,12.802419,11.848692,11.135941,10.661047,10.594226,10.933079,11.681953,12.630819
19,11.991927,12.190234,12.510041,12.729285,13.032478,13.297174,13.88766,14.64767,15.430937,15.831356,15.892071,15.568304,14.800683,13.828165,12.7298565,11.871144,11.083812,10.581857,10.644856,11.009163,11.8632965,12.770002,13.7910795,14.810937,15.418811,15.8440075,15.733703,15.275239,14.398317,13.349549,12.4017725,11.492039,10.923073,10.529278,10.80469,11.309597,12.198908,13.20825,14.194184,15.065039,15.641551,15.898944,15.673635,14.910045,14.063164,13.028792,11.992396,11.196491,10.671435,10.548767,10.959468,11.688744,12.576697,13.553489,14.568536,15.332155,15.73019,15.794068,15.438725,14.640583,13.652728,12.702164,11.612958,10.918931,10.562741,10.643586,11.223448,11.9091835,12.957812,13.976361,14.908391,15.5774975,15.820112,15.693849,15.210654,14.2346,13.243689,12.229879,11.315238,10.773468,10.633439,10.799176,11.418655,12.391165,13.381112,14.378403,15.186055,15.700152,15.875788,15.567166,14.829221,13.967356,12.878619,11.880216,11.040484,10.597724,10.610303,10.969591,11.755795,12.707231
20,12.089726,12.364157,12.478387,12.804558,13.070492,13.253395,14.024674,14.737672,15.471465,16.037298,15.979096,15.511322,14.912014,13.779505,12.788827,11.772399,11.05415,10.579017,10.660994,11.101443,11.970535,12.925353,13.900439,14.974999,15.62974,15.994987,15.892551,15.280026,14.42429,13.370935,12.436521,11.502355,10.792493,10.60551,10.76756,11.282965,12.312411,13.273141,14.212251,15.218719,15.800621,15.898097,15.6550045,15.014046,14.154907,13.075924,11.929417,11.169119,10.61135,10.531817,10.937576,11.674462,12.715142,13.736823,14.604198,15.452215,15.837915,15.855928,15.50089,14.752716,13.599791,12.622898,11.6998005,10.981293,10.685547,10.618401,11.156781,12.02552,13.073081,14.09431,14.99815,15.624279,15.822962,15.723601,15.202672,14.321513,13.1827545,12.199205,11.389197,10.755439,10.549497,10.790009,11.375931,12.446611,13.406895,14.444546,15.304937,15.81739,15.883218,15.605972,14.783583,13.881307,12.98103,11.964892,11.09406,10.648842,10.591176,11.085854,11.809887,12.743435
21,12.083798,12.358094,12.471394,12.796666,13.06376,13.244287,14.017348,14.731896,15.463535,16.030153,15.971035,15.5029125,14.903879,13.771381,12.78017,11.7652645,11.046983,10.57387,10.657492,11.097436,11.9656105,12.920955,13.8945,14.967356,15.6213665,15.987485,15.886844,15.273658,14.416277,13.364806,12.430916,11.497036,10.784943,10.5997505,10.761812,11.276884,12.306744,13.265662,14.203988,15.211505,15.79212,15.889269,15.645348,15.007607,14.149269,13.069857,11.92392,11.163652,10.6072445,10.525603,10.931822,11.666658,12.708885,13.730519,14.594899,15.444316,15.8307705,15.848056,15.493832,14.744417,13.592532,12.615256,11.695079,10.976783,10.679458,10.611204,11.148912,12.021464,13.066458,14.086959,14.990509,15.616341,15.814877,15.713914,15.195505,14.315383,13.176416,12.19157,11.384043,10.749506,10.5443945,10.783427,11.369893,12.439219,13.4013195,14.43826,15.298086,15.811386,15.876453,15.599286,14.774904,13.874867,12.974629,11.957507,11.088968,10.642142,10.585247,11.079749,11.80441,12.734811
22,11.836086,12.112036,12.428152,12.673225,12.922044,13.217005,13.795807,14.691967,15.351078,15.711325,15.79884,15.461135,14.664754,13.777683,12.734794,11.767343,11.016427,10.663974,10.606356,11.063933,11.766233,12.788572,13.836438,14.6445675,15.371716,15.677884,15.629224,15.17718,14.376486,13.40295,12.308484,11.441695,10.814315,10.555008,10.705051,11.336941,12.13052,13.16657,14.2065,14.966336,15.525356,15.734986,15.500454,14.912307,13.952944,12.934972,12.035072,11.197068,10.714976,10.609671,10.885587,11.562645,12.482491,13.530637,14.51176,15.227774,15.699348,15.732403,15.30722,14.548326,13.661526,12.569462,11.671206,10.95604,10.554612,10.6685915,11.100113,11.938348,12.88399,13.901817,14.7779875,15.437723,15.791267,15.64145,15.07379,14.262538,13.285862,12.254032,11.377129,10.781065,10.555563,10.789412,11.433286,12.219,13.280225,14.252235,15.047312,15.584668,15.749073,15.462975,14.867501,13.884979,12.801924,11.848075,11.135411,10.660585,10.593787,10.932653,11.681409,12.630189
23,11.83529,12.111286,12.427477,12.672581,12.921344,13.21631,13.794891,14.690969,15.350055,15.710236,15.797879,15.460137,14.664032,13.776902,12.734039,11.766636,11.015785,10.663277,10.60556,11.063379,11.765448,12.787729,13.835665,14.64356,15.370871,15.677096,15.628275,15.176258,14.375591,13.402339,12.307654,11.440991,10.813645,10.554416,10.70433,11.336242,12.129663,13.165829,14.205801,14.965527,15.524495,15.734033,15.499513,14.911498,13.95199,12.934223,12.034315,11.196471,10.714342,10.609124,10.884937,11.56188,12.481732,13.529848,14.510886,15.226858,15.6983795,15.73151,15.30621,14.547608,13.660581,12.568748,11.67055,10.955416,10.5539665,10.667993,11.099567,11.937727,12.883177,13.901072,14.777038,15.436928,15.790456,15.640376,15.07273,14.261613,13.28505,12.253294,11.376331,10.780417,10.55484,10.788573,11.432515,12.218267,13.2793045,14.2514515,15.046382,15.583658,15.748038,15.461947,14.866683,13.884077,12.801315,11.847253,11.134724,10.659986,10.593258,10.932159,11.680702,12.629392
24,12.089956,12.364173,12.478995,12.804993,13.070741,13.254437,14.024955,14.737583,15.471937,16.037369,15.979774,15.512242,14.9126,13.780428,12.789433,11.773314,11.055036,10.5792885,10.6613655,11.101386,11.970829,12.925135,13.90032,14.975197,15.6298685,15.995169,15.892529,15.280576,14.424754,13.371282,12.436867,11.502599,10.793594,10.60575,10.767999,11.283477,12.312483,13.27378,14.2129345,15.218842,15.800882,15.898961,15.656063,15.014335,14.154996,13.07659,11.930112,11.169466,10.611962,10.532437,10.938097,11.6754265,12.715361,13.736828,14.604968,15.452476,15.838152,15.856322,15.501194,14.753223,13.600397,12.6239,11.699856,10.981389,10.685667,10.619181,11.157953,12.02523,13.073272,14.094396,14.998775,15.624765,15.823673,15.724629,15.203317,14.321554,13.183617,12.200025,11.389227,10.75602,10.550079,10.79065,11.376478,12.447323,13.407433,14.444635,15.305043,15.817429,15.883737,15.606231,14.784439,13.882122,12.981218,11.96531,11.094153,10.649116,10.591821,11.086124,11.810268,12.744235
25,11.835668,12.112031,12.427538,12.672915,12.921213,13.216457,13.795801,14.691912,15.350644,15.711386,15.798772,15.460636,14.664359,13.777433,12.73501,11.766693,11.016153,10.663952,10.606441,11.06393,11.766319,12.788685,13.836432,14.64434,15.371775,15.677165,15.629013,15.176628,14.376176,13.402805,12.308054,11.441056,10.813548,10.555302,10.704351,11.336886,12.130472,13.166613,14.206392,14.966002,15.525062,15.734373,15.499874,14.912455,13.952365,12.934909,12.035226,11.196637,10.71504,10.609764,10.885069,11.562428,12.482467,13.530781,14.511687,15.227238,15.699247,15.731963,15.306651,14.548203,13.66135,12.568708,11.671426,10.956108,10.554776,10.668812,11.099599,11.938183,12.883747,13.901392,14.777783,15.436859,15.790805,15.641732,15.073269,14.262515,13.286027,12.254105,11.377326,10.781074,10.554916,10.789513,11.433075,12.2186985,13.280043,14.251297,15.046838,15.5841465,15.74844,15.462418,14.867359,13.88445,12.801574,11.848262,11.1355,10.660679,10.593555,10.932634,11.681171,12.630101
26,11.836749,12.1126795,12.428736,12.67385,12.922641,13.217633,13.796538,14.692767,15.351902,15.712202,15.799655,15.461954,14.665452,13.778366,12.735404,11.767961,11.016978,10.66456,10.607003,11.064484,11.766897,12.789286,13.837121,14.645363,15.3724375,15.678635,15.630086,15.177974,14.377232,13.403544,12.309164,11.44228,10.814852,10.555525,10.705624,11.337547,12.131221,13.167229,14.207177,14.967062,15.526127,15.735781,15.501261,14.913033,13.953675,12.935643,12.035714,11.197623,10.715557,10.610217,10.886147,11.563305,12.483129,13.53135,14.512494,15.228566,15.700159,15.733124,15.308064,14.549017,13.662288,12.570121,11.6717825,10.956612,10.555155,10.669101,11.100665,11.938921,12.884651,13.902465,14.778772,15.438467,15.792032,15.642312,15.074647,14.2632885,13.286576,12.254633,11.377752,10.78161,10.556149,10.7900715,11.43386,12.219618,13.280972,14.252923,15.048088,15.585515,15.749955,15.463775,14.868206,13.885727,12.802497,11.848711,11.135994,10.661092,10.594289,10.933151,11.682003,12.630879
27,11.835528,12.112022,12.427408,12.672875,12.921023,13.216366,13.795776,14.691934,15.350539,15.71134,15.798757,15.460492,14.664301,13.777372,12.735065,11.766539,11.016102,10.663994,10.606428,11.064,11.7663,12.788734,13.836477,14.64421,15.371804,15.677019,15.628958,15.176499,14.3761215,13.402853,12.307952,11.440929,10.813366,10.555397,10.704163,11.336899,12.130428,13.166656,14.206425,14.965946,15.525002,15.734198,15.499719,14.9125185,13.952203,12.934889,12.03527,11.196587,10.715107,10.609855,10.88495,11.562359,12.482442,13.530838,14.511677,15.227131,15.699249,15.731881,15.306495,14.548195,13.661316,12.568539,11.671511,10.956169,10.554829,10.668883,11.099489,11.938185,12.88368,13.901308,14.777712,15.43668,15.790773,15.641772,15.073105,14.262538,13.286111,12.254145,11.377394,10.781084,10.554766,10.789521,11.4330435,12.2185755,13.27997,14.251092,15.046698,15.584008,15.74828,15.462246,14.867384,13.884312,12.801517,11.848276,11.135582,10.6607485,10.593547,10.932667,11.681109,12.630072
28,12.089748,12.364171,12.478381,12.804662,13.070549,13.253517,14.024696,14.737714,15.471571,16.037271,15.979196,15.511367,14.912152,13.779647,12.7889595,11.772458,11.054341,10.578999,10.661049,11.101445,11.970585,12.9253,13.900381,14.974994,15.629773,15.995044,15.892539,15.280059,14.424339,13.370966,12.436548,11.502431,10.792604,10.605544,10.767525,11.283013,12.312386,13.273246,14.212284,15.218736,15.800663,15.898153,15.6551,15.01403,14.154912,13.075971,11.929426,11.169086,10.611388,10.531872,10.937711,11.674642,12.715155,13.736879,14.604212,15.452214,15.837967,15.855939,15.500914,14.752797,13.599834,12.623043,11.699811,10.981324,10.685626,10.618499,11.156973,12.02546,13.073152,14.094305,14.998247,15.624239,15.823046,15.72379,15.202743,14.321506,13.182836,12.19934,11.389176,10.755496,10.549502,10.790103,11.37598,12.446664,13.40695,14.444564,15.304943,15.817389,15.883291,15.605916,14.783646,13.8814125,12.981024,11.964981,11.094029,10.648847,10.591268,11.085952,11.809945,12.743579
29,11.991317,12.190228,12.516392,12.7339525,13.038983,13.302624,13.888154,14.66042,15.438078,15.83066,15.893818,15.574817,14.799562,13.834567,12.7340765,11.87703,11.086975,10.594585,10.64881,11.01831,11.861979,12.777367,13.801645,14.809299,15.421085,15.8453865,15.736405,15.282162,14.408116,13.36039,12.406025,11.500708,10.928893,10.53315,10.811097,11.318555,12.202101,13.210352,14.202377,15.067205,15.642769,15.901418,15.674813,14.915516,14.068953,13.02876,12.002061,11.20664,10.679719,10.557599,10.965236,11.688076,12.5758,13.556737,14.57226,15.33751,15.736707,15.80102,15.443455,14.640642,13.66376,12.706881,11.621273,10.926301,10.565456,10.648251,11.224823,11.919014,12.961721,13.981412,14.908366,15.583366,15.829734,15.695958,15.215849,14.2447405,13.25231,12.237399,11.3244505,10.780001,10.641146,10.80481,11.428285,12.387742,13.383384,14.385392,15.18842,15.705939,15.882486,15.574395,14.840636,13.975368,12.8810835,11.882658,11.052491,10.60624,10.616057,10.971003,11.758691,12.709318
